municipality,url
Aberdeen,http://www.aberdeennj.org/
Alexandria,https://www.alexandrianj.gov/
Allamuchy,https://allamuchynj.org/
Allendale,https://www.allendalenj.gov/
Allenhurst,https://www.allenhurstnj.org/
Alloway,https://allowaytownship.com/
Alpha,https://www.alphaboronj.org/
Alpine,http://alpinenj07620.org/
Andover Borough,http://www.andoverboroughnj.org/
Asbury Park,https://www.cityofasburypark.com/
Allentown,https://allentownboronj.com/
Barnegat Light,https://barnegatlight.org/
Barnegat,https://www.barnegat.net/
Barrington,https://barringtonboro.com/
Bass River,https://bassriver-nj.org/
Bay Head,https://www.bayheadnj.org/
Bayonne,https://www.bayonnenj.org/
Beach Haven,https://beachhaven-nj.gov/
Beachwood,https://www.beachwoodusa.com/
Bedminster,https://www.bedminster.us/
Belmar,https://www.belmar.com/
Belvidere,https://www.belviderenj.net/
Bergenfield,https://bergenfield.com/
Berkeley,https://twp.berkeley.nj.us/
Berkeley Heights,https://www.berkeleyheights.gov/
Berlin Borough,https://www.berlinnj.org/
Berlin,https://berlintwp.com/
Bernards,https://www.bernards.org/
Bernardsville,https://www.bernardsvilleboro.org/
Bethlehem,https://bethlehemnj.org/
Beverly,https://thecityofbeverly.com/
Blairstown,https://www.blairstowntownship.org/
Bloomingdale,https://www.bloomingdalenj.net/
Bloomsbury,https://bloomsburyborough.com/
Bogota,https://www.bogotaonline.org/
Boonton Borough,https://www.boonton.org/
Bordentown City,https://www.cityofbordentown.com/
Bound Brook,http://www.boundbrook-nj.org/
Bradley Beach,https://www.bradleybeachnj.gov/
Branchville,https://www.branchville.us/
Brick,https://www.bricktownship.net/
Bridgewater,https://www.bridgewaternj.gov/
Brielle,https://www.briellenj.gov/
Brigantine,https://brigantinebeach.org/
Buena Borough,http://www.buenaboro.org/
Buena Vista,https://buenavistanj.com/
Burlington City,https://www.burlingtonnj.us/
Burlington,http://twp.burlington.nj.us/
Byram,https://www.byramtwp.org/
Caldwell,http://www.caldwell-nj.com/
Califon,https://www.califonborough-nj.org/
Cape May,https://www.capemaycity.com/
Carteret,https://www.carteret.net/
Cedar Grove,https://cedargrovenj.org/
Chatham Borough,https://www.chathamborough.org/chatham/
Chatham,https://chathamtownship.org/
Cherry Hill,https://www.chnj.gov/
Chesilhurst,https://chesilhurstboro.org/
Chester Borough,https://www.chesterborough.org/
Chester,https://www.chestertownship.org/
Chesterfield,https://www.chesterfieldtwpnj.gov/
Clark,https://www.ourclark.com/
Clayton,https://www.claytonnj.com/
Cliffside Park,https://www.cliffsideparknj.gov/
Clifton,https://www.cliftonnj.org/
Clinton Borough,https://www.clintonnj.gov/
Clinton,https://clintontwpnj.gov/
Closter,https://www.closterboro.com/
Colts Neck,https://coltsneck.org/
Commercial,https://commercialtwp.com/
Corbin City,https://sites.google.com/view/corbincitynj/home
Cranford,https://www.cranfordnj.org/
Cresskill,https://www.cresskillboro.com/
Deal,https://dealnj.gov/
Dennis,https://dennistwp.org/
Denville,https://www.denvillenj.gov/
Downe,https://downetwpnj.org/
Dumont,https://www.dumontnj.gov/
Dunellen,https://www.dunellen-nj.gov/
Eagleswood,https://www.eagleswoodtwpnj.us/
East Amwell,https://www.eastamwelltownship.com/
East Brunswick,https://www.eastbrunswick.org/
East Greenwich,https://www.eastgreenwichnj.com/
East Hanover,https://www.easthanovertownship.com/
East Newark,https://www.boroughofeastnewark.com/
East Rutherford,https://www.eastrutherfordnj.net/
East Windsor,https://www.east-windsor.nj.us/
Eastampton,https://www.eastampton.com/
Edgewater Borough,https://www.edgewaternj.org/
Edison,https://www.edisonnj.org/
Egg Harbor,https://www.ehtgov.org/
Elk,https://elktownshipnj.gov/
Elmer,http://www.elmerboroughnj.com/
Elsinboro,https://elsinborotownship.com/
Emerson,https://www.emersonnj.org/
Englewood,https://cityofenglewood.org/
Englewood Cliffs,https://englewoodcliffsnj.org/
Essex Fells,https://www.essexfellsboro.com/
Estell Manor,http://www.estellmanor.org/
Fair Haven,http://www.fairhavennj.org/
Fair Lawn,https://www.fairlawn.org/
Fanwood,https://fanwoodnj.org/
Far Hills,https://www.farhillsnj.org/
Florence,https://www.florence-nj.gov/
Florham Park,https://www.florhamparknj.gov/
Folsom,http://www.folsomborough.com/
Frankford,https://frankfordtownship.org/
Franklin Borough,https://www.franklinborough.org/
Franklin Lakes,https://www.franklinlakes.org/
Fredon,https://www.fredonnj.gov/
Freehold Borough,https://www.freeholdboroughnj.gov/
Frelinghuysen,https://www.frelinghuysen-nj.us/
Frenchtown,https://frenchtownboro.com/
Galloway,https://www.gtnj.org/
Garwood,https://garwood.org/
Glen Gardner,https://www.glengardner.org/
Glen Ridge,https://www.glenridgenj.org/
Glen Rock,https://glenrocknj.net/
Gloucester,https://glotwp.com/
Green Brook,https://www.greenbrooktwp.org/
Green,http://www.greentwp.com/
Greenwich,https://www.historicgreenwichnj.org/
Guttenberg,https://www.guttenbergnj.org/
Haddonfield,https://www.haddonfieldnj.org/
Haddon Heights,https://haddonhts.com/
Haddon,https://www.haddontwp.com/
Hampton Borough,https://www.hamptonboro.org/
Hampton,https://www.hamptontownshipnj.info/
Hanover,https://www.hanovertownship.com/
Harding,https://www.hardingnj.org/
Hardwick,https://www.hardwicktwp.com/
Hardyston,https://hardyston.com/
Harmony,http://www.harmonytwp-nj.gov/
Harrington Park,https://www.harringtonparknj.gov/
Harrison Town,https://townofharrison.com/
Harvey Cedars,https://www.harveycedars.org/
Hasbrouck Heights,https://hasbrouck-heightsnj.org/
Hawthorne,https://www.hawthornenj.org/
Haworth,https://www.haworthnj.org/
Hazlet,https://www.hazlettwp.org/
Helmetta,http://www.helmettaboro.com/
High Bridge,https://highbridge.org/
Hightstown,https://www.hightstownborough.com/
Hillsborough,https://www.hillsborough-nj.org/
Hillsdale,https://www.hillsdalenj.org/
Hillside,https://hillsidenj.us/
Hi-Nella,https://www.hinellaboro.org/
Ho-Ho-Kus,https://www.hhkborough.com/
Holland,https://www.hollandtownshipnj.gov/
Holmdel,https://www.holmdeltownship.com/
Hopatcong,https://hopatcong.org/
Hope,https://www.hopetwp-nj.us/
Hopewell Borough,https://www.hopewellboro-nj.us/
Howell,https://www.twp.howell.nj.us/
Independence,https://independencenj.com/
Interlaken,https://www.interlakenboro.com/
Island Heights,https://islandheightsborough.gov/
Jackson,https://www.jacksontwpnj.net/
Jamesburg,https://www.jamesburgborough.org/
Jefferson,https://www.jeffersontownship.net/
Kearny,https://www.kearnynj.org/
Kenilworth,https://www.kenilworthborough.com/
Kingwood,https://www.kingwoodtownship.com/
Kinnelon,https://www.kinnelonboro.org/
Knowlton,https://knowlton-nj.com/
Lacey,http://www.laceytownship.org/
Lake Como,https://lakecomonj.org/
Laurel Springs,https://www.laurelsprings-nj.com/
Lavallette,https://www.lavallette.org/
Lebanon Borough,https://www.lebanonboro.com/
Lebanon,http://www.lebanontownship.net/
Leonia,https://www.leonianj.gov/
Liberty,https://www.libertytownship.org/
Lindenwold,https://www.lindenwoldnj.gov/
Linwood,http://www.linwoodcity.org/
Little Egg Harbor,https://www.leht.com/
Little Silver,https://www.littlesilvernj.gov/
Livingston,https://www.livingstonnj.org/
Loch Arbor,https://www.locharbournj.us/
Logan,https://www.logan-twp.org/
Long Beach,https://www.longbeachtownship.com/
Long Branch,https://www.longbranch.org/
Long Hill,https://www.longhillnj.gov/
Longport,https://www.longportnj.gov/
Lopatcong,https://www.lopatcongtwp.com/
Lower Alloways Creek,https://www.lowerallowayscreek-nj.gov/
Lower,https://townshipoflower.org/
Lyndhurst,https://www.lyndhurstnj.org/
Madison,https://www.rosenet.org/
Magnolia,https://magnolia-nj.org/
Mahwah,https://www.mahwahtwp.org/
Manalapan,https://mtnj.org/
Manasquan,https://www.manasquan-nj.gov/
Manchester,https://manchestertwp.com/
Mannington,https://manningtontwp.com/
Mansfield,https://www.mansfieldtwp.com/
Mantoloking,https://www.mantoloking.org/
Mantua,https://mantuatownship.com/
Manville,https://www.manvillenj.org/
Maple Shade,https://mapleshade.com/
Margate City,https://www.margate-nj.com/
Marlboro,https://www.marlboro-nj.gov/
Maurice River,https://www.mauricerivertwp.org/
Medford,https://medfordtownship.com/
Medford Lakes,https://www.medfordlakes.com/
Mendham Borough,https://www.mendhamnj.org/
Mendham,https://www.mendhamtownship.org/
Middlesex Borough,http://www.middlesexboro-nj.gov/
Middle,https://middletownship.com/
Middletown,https://www.middletownnj.org/
Midland Park,https://www.midlandparknj.org/
Milford,https://www.milfordnj.gov/
Millburn,https://twp.millburn.nj.us/
Millstone Borough,https://millstoneboro.org/
Millstone,https://www.millstonenj.gov/
Milltown,https://www.milltownnj.org/
Mine Hill,https://minehill.com/
Monmouth Beach,https://www.monmouthbeach.org/
Monroe,https://monroetownshipnj.org/
Montague,https://www.montaguenj.org/
Montgomery,https://www.montgomerynj.gov/
Montvale,https://www.montvale.org/
Montville,https://www.montvillenj.org/
Moonachie,https://www.moonachie.us/
Moorestown,https://www.moorestown.nj.us/
Morris Plains,https://morrisplainsboro.org/
Morris,https://www.morristwp.com/
Mount Arlington,https://mountarlingtonnj.org/
Mount Olive,https://www.mountolivetwpnj.org/
Mountain Lakes,https://mountainlakes.gov/
Mountainside,https://www.mountainside-nj.com/
Mullica,https://www.mullicatownship.org/
National Park,https://www.nationalparknj.com/
New Hanover,https://www.newhanovertwp.com/
New Milford,https://www.newmilfordnj.gov/
New Providence,https://www.newprov.org/
North Arlington,https://www.northarlington.org/
North Caldwell,https://www.northcaldwell.org/our-borough
North Haledon,https://www.northhaledon.com/
North Hanover,https://www.northhanovertwp.com/
North Wildwood,https://northwildwood.com/
Northfield,https://www.cityofnorthfield.org/
Northvale,https://www.boroughofnorthvale.com/
Norwood,https://www.norwoodboro.org/
Nutley,https://www.nutleynj.org/
Ocean City,https://www.ocnj.us/
Ocean Gate,https://oceangatenjgov.com/
Oceanport,https://www.oceanportboro.com/
Ogdensburg,https://ogdensburgnj.org/
Old Bridge,https://www.oldbridge.com/
Oldmans,https://oldmanstownship.com/
Old Tappan,https://oldtappan.net/
Oradell,http://www.oradell.org/
Orange,https://orangenj.gov/
Palisades Park,https://mypalisadespark.com/
Palmyra,https://boroughofpalmyra.com/
Park Ridge,https://www.parkridgeboro.com/
Parsippany-Troy Hills,https://www.parsippany.net/
Peapack-Gladstone,http://www.peapackgladstone.org/
Pemberton Borough,https://www.penningtonboro.org/
Pennsville,https://www.pennsville.org/
Pequannock,https://www.peqtwp.org/
Perth Amboy,https://www.perthamboynj.org/
Pilesgrove,https://www.pilesgrovenj.org/
Pine Beach,https://www.pinebeachnj.gov/
Pine Hill,https://www.pinehillboronj.com/
Piscataway,http://www.piscatawaynj.org/
Pitman,https://www.pitman.org/
Pittsgrove,https://www.pittsgrovetownship.com/
Plainsboro,https://www.plainsboronj.com/
Plumsted,http://www.plumsted.org/
Pohatcong,http://www.pohatcongtwp.org/
Point Pleasant Borough,https://ptboro.com/
Point Pleasant Beach,https://www.pointpleasantbeach.org/
Pompton Lakes,https://www.pomptonlakes-nj.gov/
Port Republic,https://www.portrepublicnj.org/
Prospect Park,https://www.prospectpark.net/
Ramsey,https://www.ramseynj.com/
Randolph,https://www.randolphnj.org/
Raritan Borough,http://www.raritanboro.org/
Readington,https://www.readington.gov/
Ridgefield Borough,https://www.ridgefieldnj.gov/
Ridgefield Park,https://www.ridgefieldpark.org/
Ridgewood,https://www.ridgewoodnj.net/
Ringwood,https://www.ringwoodnj.net/
Riverdale,http://www.riverdalenj.gov/
Riverton,https://riverton-nj.com/
River Vale,https://www.rivervalenj.org/
Robbinsville,https://www.robbinsville-twp.org/
Rockleigh,https://rockleighnj.org/
Rocky Hill,https://www.rockyhill-nj.gov/
Roosevelt,https://www.rooseveltnj.us/
Roseland,http://www.roselandnj.org/
Roselle Borough,https://www.boroughofroselle.com/
Roxbury,https://www.roxburynj.us/
Rumson,https://www.rumsonnj.gov/
Rutherford,https://www.rutherfordboronj.com/
Saddle River,https://www.saddleriver.org/
Sandyston,https://www.sandystontownship.com/
Sayreville,http://www.sayreville.com/
Sea Bright,https://www.seabrightnj.org/sbnj/
Sea Girt,https://www.seagirt-nj.gov/
Sea Isle City,https://www.seaislecitynj.us/
Seaside Heights,https://www.seaside-heightsnj.org/
Seaside Park,https://www.seasideparknj.org/
Shamong,https://www.shamong.net/
Shiloh,https://shilohborough.com/
Ship Bottom,https://www.shipbottom.org/
Shrewsbury Borough,https://www.shrewsburyboro.com/snj/
Shrewsbury,http://www.townshipofshrewsbury.com/index.html
Somers Point,http://www.somerspointgov.org/
South Amboy,http://www.southamboynj.gov/
South Brunswick,https://southbrunswicknj.gov/
South Hackensack,https://www.southhackensacknj.org/
South Harrison,https://www.southharrison-nj.org/
South Orange Village,https://www.southorange.org/
Southampton,https://www.southamptonnj.org/
Sparta,http://www.spartanj.org/
Spotswood,https://www.spotswoodboro.com/
Spring Lake Borough,https://springlakeboro.org/
Spring Lake Heights,https://springlakehts.com/
Stafford,https://www.staffordnj.gov/
Stanhope,https://stanhopenj.gov/
Stillwater,https://stillwatertownshipnj.com/
Stockton,http://www.stocktonboronj.us/
Stone Harbor,https://stoneharbornj.org/
Stow Creek,https://stowcreektwp.org/
Stratford,https://stratfordnj.org/
Summit,https://www.cityofsummit.org/
Tabernacle,https://www.tabernacle-nj.gov/
Tavistock,https://tavistocknj.org/
Teaneck,https://www.teanecknj.gov/
Tenafly,https://www.tenaflynj.gov/
Teterboro,https://www.teterboronj.org/
Tewksbury,https://www.tewksburytwp.net/
Totowa,http://www.totowanj.org/
Union Beach,https://www.unionbeachnj.gov/ubnj/
Union City,https://www.ucnj.com/
Upper Deerfield,https://upperdeerfield.com/
Upper Freehold,https://uftnj.com/
Upper Pittsgrove,https://upperpittsgrovenj.org/
Upper Saddle River,https://www.usrtoday.org/
Upper,https://uppertownship.com/
Ventnor City,https://www.ventnorcity.org/
Verona,https://www.veronanj.org/
Victory Gardens,https://www.victorygardensnj.gov/
Waldwick,https://www.waldwicknj.org/
Wall,https://www.wallnj.gov/
Wallington,https://www.wallingtonnj.org/
Walpack,https://walpackhistory.org/
Wanaque,https://www.wanaqueborough.com/
Warren,https://warrennj.org/
Washington Borough,https://www.washingtonboro-nj.gov/
Watchung,https://watchungnj.gov/
Waterford,https://waterfordtwp.org/
Wayne,https://www.waynetownship.com/
Weehawken,https://www.weehawken-nj.us/
West Amwell,https://www.westamwelltwp.org/
West Caldwell,https://www.westcaldwell.com/
West Cape May,https://www.westcapemay.us/
West Long Branch,https://www.westlongbranch.org/
West Wildwood,https://westwildwood.org/
West Windsor,https://www.westwindsornj.org/
Westampton,https://www.westamptonnj.gov/
Westfield,https://www.westfieldnj.gov/
Westville,https://westville-nj.com/
Westwood,https://www.westwoodnj.gov/
Weymouth,https://www.weymouthnj.org/
White,https://www.white-township.com/
Wildwood Crest,https://wildwoodcrest.org/
Wildwood,https://wildwoodnj.org/
Woodbine,https://www.boroughofwoodbine.net/
Woodbury City,https://woodbury.nj.us/
Woodcliff Lake,https://wclnj.com/
Woodland Park,https://wpnj.us/
Woodlynne,https://www.woodlynnenj.org/
Wood-Ridge,https://www.njwoodridge.org/
Woodstown,https://historicwoodstown.org/
Woolwich,https://woolwichtwp.org/
Wrightstown,https://www.wrightstownborough.com/
Wyckoff,https://www.wyckoffnj.gov/
